# pres_a, rec_a, fscore_a, pres_o, rec_o, fscore_o, o_pres_a, o_rec_a, o_fscore_a, o_pres_o, o_rec_o,                    o_fscore_o, s_pres, s_rec, s_fscore, computational_time
5.555555555555555802e-01;1.000000000000000000e+00;7.142857142857143016e-01;3.499999999999999778e-01;9.333333333333333481e-01;5.090909090909091494e-01;4.000000000000000222e-01;1.000000000000000000e+00;5.714285714285715079e-01;2.121212121212121271e-01;8.750000000000000000e-01;3.414634146341463117e-01;1.000000000000000000e+00;1.000000000000000000e+00;1.000000000000000000e+00;1.157964468002319336e+00
5.600000000000000533e-01;9.333333333333333481e-01;7.000000000000000666e-01;3.783783783783783994e-01;9.333333333333333481e-01;5.384615384615385469e-01;3.888888888888888951e-01;8.750000000000000000e-01;5.384615384615385469e-01;2.333333333333333370e-01;8.750000000000000000e-01;3.684210526315789269e-01;1.000000000000000000e+00;1.000000000000000000e+00;1.000000000000000000e+00;1.183753728866577148e+00
3.333333333333333148e-01;1.000000000000000000e+00;5.000000000000000000e-01;1.250000000000000000e-01;5.000000000000000000e-01;2.000000000000000111e-01;6.666666666666666297e-01;1.000000000000000000e+00;8.000000000000000444e-01;2.000000000000000111e-01;5.000000000000000000e-01;2.857142857142857539e-01;0.000000000000000000e+00;0.000000000000000000e+00;0.000000000000000000e+00;3.902485370635986328e-01
2.999999999999999889e-01;1.000000000000000000e+00;4.615384615384615086e-01;2.000000000000000111e-01;1.000000000000000000e+00;3.333333333333333703e-01;5.000000000000000000e-01;1.000000000000000000e+00;6.666666666666666297e-01;2.727272727272727071e-01;1.000000000000000000e+00;4.285714285714285476e-01;0.000000000000000000e+00;0.000000000000000000e+00;0.000000000000000000e+00;4.469921588897705078e-01
