# pres_a, rec_a, fscore_a, pres_o, rec_o, fscore_o, o_pres_a, o_rec_a, o_fscore_a, o_pres_o, o_rec_o,                    o_fscore_o, s_pres, s_rec, s_fscore, computational_time
5.909090909090909394e-01;9.285714285714286031e-01;7.222222222222223209e-01;4.400000000000000022e-01;7.857142857142856984e-01;5.641025641025640969e-01;4.000000000000000222e-01;8.571428571428570953e-01;5.454545454545455252e-01;2.222222222222222099e-01;5.714285714285713969e-01;3.200000000000000067e-01;1.000000000000000000e+00;1.000000000000000000e+00;1.000000000000000000e+00;1.393042802810668945e+00
5.714285714285713969e-01;8.000000000000000444e-01;6.666666666666666297e-01;4.166666666666666852e-01;6.666666666666666297e-01;5.128205128205128860e-01;4.000000000000000222e-01;7.500000000000000000e-01;5.217391304347827052e-01;2.222222222222222099e-01;5.000000000000000000e-01;3.076923076923076539e-01;1.000000000000000000e+00;8.571428571428570953e-01;9.230769230769230171e-01;1.407706260681152344e+00
