# pres_a, rec_a, fscore_a, pres_o, rec_o, fscore_o, o_pres_a, o_rec_a, o_fscore_a, o_pres_o, o_rec_o,                    o_fscore_o, s_pres, s_rec, s_fscore, computational_time
5.833333333333333703e-01;1.000000000000000000e+00;7.368421052631578538e-01;3.499999999999999778e-01;1.000000000000000000e+00;5.185185185185184897e-01;4.117647058823529216e-01;1.000000000000000000e+00;5.833333333333333703e-01;2.121212121212121271e-01;1.000000000000000000e+00;3.499999999999999778e-01;1.000000000000000000e+00;1.000000000000000000e+00;1.000000000000000000e+00;8.991098642349243164e+00
5.200000000000000178e-01;8.666666666666666963e-01;6.500000000000000222e-01;3.170731707317073211e-01;8.666666666666666963e-01;4.642857142857143016e-01;3.684210526315789269e-01;8.750000000000000000e-01;5.185185185185184897e-01;2.000000000000000111e-01;8.750000000000000000e-01;3.255813953488372325e-01;1.000000000000000000e+00;8.571428571428570953e-01;9.230769230769230171e-01;1.857140040397644043e+01
