# pres_a, rec_a, fscore_a, pres_o, rec_o, fscore_o, o_pres_a, o_rec_a, o_fscore_a, o_pres_o, o_rec_o,                    o_fscore_o, s_pres, s_rec, s_fscore, computational_time
9.166666666666666297e-01;7.857142857142856984e-01;8.461538461538461453e-01;9.166666666666666297e-01;7.857142857142856984e-01;8.461538461538461453e-01;8.000000000000000444e-01;5.714285714285713969e-01;6.666666666666666297e-01;8.000000000000000444e-01;5.714285714285713969e-01;6.666666666666666297e-01;1.000000000000000000e+00;1.000000000000000000e+00;1.000000000000000000e+00;5.980865955352783203e-01
7.500000000000000000e-01;5.999999999999999778e-01;6.666666666666665186e-01;7.500000000000000000e-01;5.999999999999999778e-01;6.666666666666665186e-01;5.000000000000000000e-01;3.750000000000000000e-01;4.285714285714285476e-01;5.000000000000000000e-01;3.750000000000000000e-01;4.285714285714285476e-01;1.000000000000000000e+00;8.571428571428570953e-01;9.230769230769230171e-01;5.530347824096679688e-01
