# pres_a, rec_a, fscore_a, pres_o, rec_o, fscore_o, o_pres_a, o_rec_a, o_fscore_a, o_pres_o, o_rec_o,                o_fscore_o, s_pres, s_rec, s_fscore, computational_time
1.000000000000000000e+00;6.666666666666666297e-01;8.000000000000000444e-01;1.000000000000000000e+00;6.666666666666666297e-01;8.000000000000000444e-01;0.000000000000000000e+00;0.000000000000000000e+00;0.000000000000000000e+00;0.000000000000000000e+00;0.000000000000000000e+00;0.000000000000000000e+00;1.000000000000000000e+00;1.000000000000000000e+00;1.000000000000000000e+00;1.578283309936523438e-02
